{"stats":{"minecraft:mined":{"minecraft:red_bed":3},"minecraft:crafted":{"irregularitems:ezschematicitem":1},"minecraft:dropped":{"irregularitems:ezschematicitem":2},"minecraft:custom":{"minecraft:time_since_rest":228523,"minecraft:open_chest":5,"minecraft:crouch_one_cm":8417,"minecraft:play_one_minute":228523,"minecraft:interact_with_furnace":1,"minecraft:sprint_one_cm":6595,"minecraft:walk_one_cm":161616,"minecraft:sneak_time":5539,"minecraft:drop":2,"minecraft:jump":319,"minecraft:leave_game":205,"minecraft:time_since_death":228523,"minecraft:interact_with_crafting_table":1,"minecraft:fall_one_cm":211,"minecraft:fly_one_cm":751548},"minecraft:used":{"minecraft:writable_book":1,"irregularitems:ezbuilderupgradeitem":653,"minecraft:sandstone":1,"minecraft:air":315,"minecraft:bone_meal":9},"minecraft:picked_up":{"irregularitems:ezbuilderupgradeitem":5,"minecraft:diamond":64,"irregularitems:ezschematicitem":22,"minecraft:lever":155,"minecraft:red_bed":4}},"DataVersion":1963}